month,pop,dpop,month1,month2,month3,month4,month5,month6,H1N,y1,y2,y3,y4,y5,y6,y7,y8,y9,y10,y11,y12,y13,y14,y15,y16,y17,y18,y19,y20
2002.75,288240053,2514063,0.0208333333333334,0,0,0.0208333333333333,0.479166666666667,0.479166666666667,19387,0.934647753747612,0.417136604523214,0.400866738252132,0.53015003879153,0.427612306807272,0.707483502440793,1.22163770088799,1.28829700584124,1.35990896328433,1.17479499357503,1.04025244939031,1.01479340208713,0.945656922363614,1.01680525226288,0.890997793614195,0.955482351078879,0.975998644687106,1.01679486703249,0.985309311324558,0.954553692766429
2002.83333333333,288449341,2509303,0.166666666666439,0,0,1.56273850898388e-38,0.166666666666894,0.666666666666667,22909,1.07809929874085,0.98932936820957,0.685776013670996,0.734642560779486,0.587156859117159,0.824878585310186,1.31262932300334,1.35648502774198,1.42374633208895,1.23541446056528,1.09861009304024,1.07089956594732,0.995180166616442,1.06590992180832,0.947534166798773,0.966657403998394,0.984635952841915,1.01885451545032,0.986811010116246,0.955839248944866
2002.91666666667,288658349,2507369,0.479166666666951,0.0208333333333902,0,0,0.0208333333332765,0.479166666666382,168640,1.20219408546286,1.42653910261254,0.915765411532013,0.905347214936843,0.721131202916334,0.927237630963681,1.38862471707227,1.41359217013346,1.4775566556555,1.28607252404903,1.14690213024561,1.11775954506906,1.03720198381592,1.10802567108346,0.993634788761453,0.976743636272655,0.99278729886479,1.02138064470075,0.988530651682671,0.957287842490303
2003,288867314,2508262,0.666666666666667,0.166666666666667,0,0,0,0.166666666666667,922174,1.2523860521811,1.64759125136022,1.05477094978267,1.01750138756092,0.810223645287471,1.00119248972335,1.43882838404665,1.45240453872578,1.51474959047269,1.32170025941244,1.17978233720348,1.14959247359546,1.06685443751186,1.13767781500797,1.02221577148965,0.984768043995363,0.999805410964398,1.02449327992994,0.990540667683529,0.959031916434108
2003.08333333333,289076471,2511983,0.479166666666951,0.479166666666382,0.0208333333332765,0,0,0.0208333333333902,4044901,1.22489245948117,1.6245141152258,1.08705120977222,1.05835975177242,0.844767049195973,1.03772021488447,1.45621429078667,1.46925881911486,1.53190180008572,1.34113904644131,1.19584360930298,1.1641894286759,1.08201307892341,1.15157313057905,1.03031896350743,0.98993614623327,1.00502393285317,1.0278275447329,0.99261932573794,0.960962795458795
2003.16666666667,289286056,2518530,0.166666666666439,0.666666666666667,0.166666666666894,1.56789984301514e-38,0,0,1475084,1.14184819419207,1.49319161340201,1.05767779949768,1.05339395380367,0.846696864846103,1.04317909266512,1.44456087337752,1.47095958015584,1.53470765468081,1.3541638195193,1.20494696130089,1.17069400587469,1.08906572242625,1.15369599467344,1.02878175500998,0.992240319029121,1.0082061605214,1.02979186955817,0.993941426706273,0.962390947454728
2003.25,289496305,2527905,0.0208333333333333,0.479166666666667,0.479166666666667,0.0208333333333333,0,0,242687,1.07305725890369,1.40835608787515,1.0249954525978,1.03356494554113,0.843297393608014,1.02691153946086,1.408646077343,1.46556700260468,1.52910756853242,1.37123635364515,1.21793519074958,1.17846776639186,1.09535467165717,1.14857446179826,1.02978841824538,0.991995311822494,1.00916805526986,1.02878090441409,0.994205369829638,0.962898975026199
2003.33333333333,289707452,2540107,1.56617813763129e-38,0.166666666666894,0.666666666666667,0.166666666666439,0,0,73245,1.09435707400263,1.43627795299789,1.03962837851095,1.01357392832285,0.851645754245507,0.994815259441033,1.34644141669562,1.45569583155047,1.5129084256192,1.39463223169274,1.2383101070215,1.18639161555567,1.10352792414402,1.13563369709635,1.03711521198645,0.99001851066663,1.00750658736772,1.02436087069826,0.995807414633298,0.963738876428033
2003.41666666667,289919735,2555136,0,0.0208333333332765,0.479166666666382,0.479166666666951,0.0208333333333902,0,18379,1.25804961551545,1.57412089963292,1.13435823737148,1.00297545877152,0.882525056156571,0.953208806977304,1.25961466126918,1.44298336446043,1.48456608131859,1.42331029632252,1.26582928910302,1.19141423240055,1.11451779437301,1.11489287863821,1.05197847252272,0.987755037028873,1.00302478875469,1.01672821223654,1.00074665644893,0.966143185341913
2003.5,290133387,2572992,0,0,0.166666666666667,0.666666666666667,0.166666666666667,0,0,1.57196414940049,1.63108365207008,1.27831701617873,1.00699726520464,0.931749553855307,0.91353884952453,1.17142503576888,1.43060254399607,1.45326580693018,1.45114862145179,1.29261438259897,1.19323604665943,1.12708817076951,1.09385012559224,1.07376285967027,0.988658317423715,0.996568929091948,1.00742869118797,1.00673567354623,0.969597181505446
2003.58333333333,290348588,2591602,0,0,0.0208333333333902,0.479166666666951,0.479166666666383,0.0208333333332765,0,1.8895745460366,1.448401142569,1.42527534055575,1.02614246263823,0.989194675557287,0.885735583483487,1.10503391495501,1.42084631452098,1.42860515773346,1.4716738620492,1.31058395332927,1.19220495297881,1.1392435948959,1.0799090189256,1.10007880117765,0.995296722655106,0.989375309243553,0.998291986063387,1.01103374060041,0.9732256762732
2003.66666666667,290565284,2608892,1.56962280972157e-38,0,0,0.166666666666439,0.666666666666667,0.166666666666894,4498,2.02576582688502,1.18341810146247,1.53120806358275,1.04634254121411,1.03594939911575,0.868535208036414,1.06161981910433,1.4109519820364,1.41110140905968,1.48208776597615,1.31848018130116,1.18850695495038,1.14811964690365,1.07261604574392,1.12327147297259,1.00469009564502,0.983197117171532,0.990934122461564,1.0133734349611,0.976458861407452
2003.75,290783366,2624862,0.0208333333333334,0,0,0.0208333333333333,0.479166666666667,0.479166666666667,0,1.86621390539239,1.0207501945417,1.56453315359522,1.05358216605435,1.05629077603488,0.858359325662015,1.03663034710542,1.39796221369662,1.39870311690903,1.48142670393009,1.31720253218003,1.18229581188182,1.15119605542226,1.06926559472204,1.13590637355977,1.01281650224983,0.979159043025301,0.986250015361276,1.01386424942663,0.978607217493592
2003.83333333333,291002724,2639514,0.166666666666439,0,0,1.56273850898388e-38,0.166666666666894,0.666666666666667,4243,1.57975826322002,0.93798703075597,1.5412368126891,1.04863032712191,1.05603460287468,0.853565149219369,1.0245722667119,1.38319675961467,1.38816423987755,1.47239044507468,1.3094560000859,1.1737581969913,1.14819810442016,1.06600075466382,1.13669554361696,1.01703542796538,0.975354898594339,0.982463790160312,1.01165003591927,0.978197000007698
2003.91666666667,291223248,2652845,0.479166666666951,0.0208333333333902,0,0,0.0208333333332765,0.479166666666382,0,1.36792560934262,0.878655243574359,1.49256872520253,1.03741619540781,1.04730697256079,0.85381523317323,1.02108615116727,1.36987207850796,1.37706466383949,1.45912480262222,1.29860843044834,1.16373764807346,1.14041357519341,1.06008126153994,1.12760604197602,1.01599877327907,0.970080815678412,0.977907139686187,1.00645422704476,0.974249308545959
2004,291444828,2664857,0.666666666666667,0.166666666666667,0,0,0,0.166666666666667,0,1.27982799411505,0.857055621191115,1.46326427083331,1.03172534120445,1.04593641847961,0.862057888012445,1.0272886267685,1.36451438055549,1.36748258117942,1.44789636753697,1.28887354549921,1.15567224732459,1.13313468302616,1.05438473985737,1.11747845794347,1.01214667901512,0.965473084477362,0.974012816063423,1.00128421902613,0.968548844301435
2004.08333333333,291667355,2675549,0.479166666666951,0.479166666666382,0.0208333333332765,0,0,0.0208333333333902,2291,1.31003687351262,0.894079903684377,1.48584884162475,1.0429372071223,1.06412161229297,0.881277419713117,1.04384771789396,1.37113042058227,1.36213371157376,1.44349922887054,1.2841534962234,1.15310424090038,1.13127679183301,1.05258963274928,1.11422112855922,1.00864250869637,0.963984263310987,0.972360350673508,0.998905191230521,0.963251147185163
2004.16666666667,291890717,2684922,0.166666666666439,0.666666666666667,0.166666666666894,1.56789984301514e-38,0,0,0,1.38737598505086,0.966209484082045,1.53052218375836,1.07495032577426,1.09583933833113,0.911316360183009,1.06416098820584,1.38033938056575,1.3617855773785,1.44271669029933,1.28625827183823,1.15739798641406,1.13424342607982,1.05595976933062,1.11513985134221,1.00775427630595,0.965491824590198,0.972015332638143,0.997829491995012,0.95923151039062
2004.25,292114805,2692975,0.0208333333333333,0.479166666666667,0.479166666666667,0.0208333333333333,0,0,6023,1.4242321365852,1.03882316861571,1.55190263192808,1.12979300225993,1.13051090907766,0.951231797800434,1.07980838617868,1.37941354926673,1.36671865161904,1.44032935915537,1.29647482111758,1.1693733693409,1.14006015036848,1.06515532521001,1.11488978893008,1.01152615844232,0.96922946924771,0.971414865513922,0.995506261899239,0.957045165433296
2004.33333333333,292339509,2699709,1.56617813763129e-38,0.166666666666894,0.666666666666667,0.166666666666439,0,0,6529,1.35482766418773,1.08665594635538,1.51709458063482,1.20793970111117,1.1599949594013,0.999631571165351,1.08448938336395,1.35906492295126,1.37690991766156,1.43234095855753,1.31523817460021,1.18907702117559,1.14692713019127,1.08025586758659,1.10958864185041,1.02129824354717,0.974445412003831,0.969420874468444,0.990099702324759,0.957122979816074
2004.41666666667,292564720,2705123,0,0.0208333333332765,0.479166666666382,0.479166666666951,0.0208333333333902,0,0,1.20072701662889,1.12186753761223,1.44314666351378,1.30364952455915,1.18589941366502,1.05332651972767,1.08038154358611,1.32376432788234,1.39112240023946,1.41964767477008,1.33957568988673,1.21346255748951,1.15374293459873,1.09901853002058,1.10120426218677,1.03559426744004,0.980445922728146,0.966594571113129,0.982634257860665,0.959398364998596
2004.5,292790327,2709218,0,0,0.166666666666667,0.666666666666667,0.166666666666667,0,0,1.0053301709228,1.16597384549811,1.35959357401743,1.40962773422235,1.2122695185967,1.10867823312948,1.07178195374088,1.28142229783742,1.40781563442208,1.40436880984889,1.3656628063333,1.2387103398634,1.15958073352835,1.11861983765493,1.09316703991528,1.052233877779,0.986551785075184,0.963921988671514,0.974849433900974,0.963680368428512
2004.58333333333,293016245,2712912,0,0,0.0208333333333902,0.479166666666951,0.479166666666383,0.0208333333332765,6229,0.812037104029213,1.24049077313545,1.29597000557104,1.51857959175275,1.24315052093307,1.16204830103188,1.06298770072255,1.23994936658147,1.42544915528369,1.38862366584536,1.38967496330476,1.26100072988675,1.16351369692012,1.13623631563931,1.0889073650089,1.0690367222271,0.992083782701623,0.962389160366077,0.968484735836997,0.969778037554168
2004.66666666667,293242493,2717126,1.56962280972157e-38,0,0,0.166666666666439,0.666666666666667,0.166666666666894,0,0.664247792908873,1.35271688430911,1.27355735843094,1.62006650227929,1.27935850082857,1.20910366415513,1.05722456983276,1.20627932148043,1.44181859213055,1.37413561601595,1.40782222371259,1.27665587405777,1.16483311645709,1.14944756583378,1.09049670917885,1.0839173104169,0.996568443257881,0.962766854615771,0.965032486315798,0.977215595064866
2004.75,293469114,2721860,0.0208333333333334,0,0,0.0208333333333333,0.479166666666667,0.479166666666667,0,0.596075445687849,1.45308138537044,1.28062386015567,1.69107444480057,1.30879287209047,1.24273266744419,1.05343314000622,1.18343896431526,1.45206395118993,1.36104431844365,1.41645314465235,1.28256505850957,1.16370277079744,1.15744549693883,1.09457087108294,1.0951695998533,1.00035527036867,0.964964780623341,0.964996277006191,0.984377964607906
2004.83333333333,293696151,2727114,0.166666666666439,0,0,1.56273850898388e-38,0.166666666666894,0.666666666666667,0,0.604486194886154,1.48873169724262,1.29612441347912,1.71299779374252,1.31919005779435,1.25734050557908,1.04947553868186,1.17207490003554,1.45248915503152,1.34933452112738,1.41390230909223,1.27760607621779,1.16066638419048,1.1602808981582,1.09719593504754,1.10166793415553,1.00374018639123,0.968436619626614,0.968066013003715,0.989713343313384
2004.91666666667,293923647,2732887,0.479166666666951,0.0208333333333902,0,0,0.0208333333332765,0.479166666666382,5037,0.668146232388072,1.45055745632787,1.29477379457483,1.69743993116176,1.31055118435978,1.25617836786067,1.04318529369222,1.16721993191608,1.44670941463892,1.3399550469297,1.4063099092686,1.26804360785961,1.15691497627137,1.1598277738419,1.09759480112258,1.10422875349876,1.00598181263037,0.971673000219878,0.971665584096743,0.993062321270259
2005,294151646,2739179,0.666666666666667,0.166666666666667,0,0,0,0.166666666666667,20275,0.729669062933188,1.35427421490598,1.25983485492021,1.66344830299885,1.2878713227044,1.24503684636427,1.03358166714383,1.16354810460073,1.43932197898931,1.33398193594007,1.4005759484553,1.26077807842875,1.15381805620512,1.158310575673,1.09633942785371,1.1041703076127,1.00645982421948,0.973367107982146,0.973345444887934,0.994734811266493
2005.08333333333,294380192,2745991,0.479166666666951,0.479166666666382,0.0208333333332765,0,0,0.0208333333333902,20112,0.742979351681064,1.27115897318735,1.21300287377547,1.62963760304268,1.26385661836845,1.23101814962848,1.02445545783485,1.15991222988297,1.43154096060438,1.33203602227633,1.39883406478755,1.25786600245949,1.15281179588243,1.15753232951622,1.09624119204631,1.1028759878911,1.00607541266233,0.973985409081521,0.973428324552717,0.995525623932146
2005.16666666667,294609326,2753323,0.166666666666439,0.666666666666667,0.166666666666894,1.56789984301514e-38,0,0,11945,0.735380704755907,1.25846820788217,1.18062410933736,1.60715868614016,1.25217729250954,1.22041063420112,1.02078756362177,1.15545914627816,1.42203371930755,1.33448497609644,1.40066348291476,1.26026938063159,1.15530553417663,1.1585752715401,1.10002819944084,1.10148408875669,1.00632606391124,0.974337777100101,0.972699062623967,0.995858783463412
2005.25,294839093,2761175,0.0208333333333333,0.479166666666667,0.479166666666667,0.0208333333333333,0,0,2514,0.722827509586644,1.26181485374897,1.16921630779586,1.57773980353192,1.26264879413502,1.21493563221363,1.02754774189967,1.14633303203888,1.40266374058964,1.34113901767869,1.4001921386732,1.26941606865434,1.16253461515988,1.16005990494549,1.10785605325485,1.10008737508818,1.0095729253441,0.974834434689671,0.971018665495791,0.994190270482119
2005.33333333333,295069536,2769546,1.56617813763129e-38,0.166666666666894,0.666666666666667,0.166666666666439,0,0,0,0.711504290581103,1.21604996733128,1.17826046845902,1.52189700042545,1.30039883959703,1.21449628598161,1.04762613271128,1.12905746052449,1.36625910404903,1.35112666677205,1.3917170344325,1.28579865963689,1.17494267455191,1.16024188282273,1.11881383593325,1.09848395595762,1.01751899919317,0.975602538511368,0.96808429353589,0.988993074857444
2005.41666666667,295300699,2778436,0,0.0208333333332765,0.479166666666382,0.479166666666951,0.0208333333333902,0,8246,0.70018967094438,1.12462063425376,1.19891911518273,1.44472010152473,1.3556589868139,1.21629000299525,1.07560554716575,1.10467624578682,1.31631014005319,1.36140709088543,1.37566272750033,1.30570284125807,1.18998050946263,1.15837919078496,1.13029704934818,1.09633884675669,1.02837104568503,0.976036632193525,0.963861556145572,0.980776267019494
2005.5,295532623,2787847,0,0,0.166666666666667,0.666666666666667,0.166666666666667,0,0,0.685810798584974,1.0081229474491,1.22027515294933,1.35744237643855,1.4149367540719,1.21683775703699,1.10399196412699,1.07536326206062,1.25897274168196,1.36839711946358,1.35398566392566,1.32436257483105,1.20435070734344,1.15398039757687,1.13927780022405,1.09328378945775,1.03946176454032,0.975348106106104,0.958383174986238,0.970557937542031
2005.58333333333,295765340,2797266,0,0,0.0208333333333902,0.479166666666951,0.479166666666383,0.0208333333332765,11051,0.665294821407767,0.887152999818104,1.23141148674906,1.27129709474851,1.46473965967736,1.21266052189016,1.12529136246918,1.04329238357223,1.20040280199766,1.36851358195528,1.32864228975202,1.33701182167635,1.21475585565123,1.14655407194264,1.14272819528965,1.0889505260325,1.04812385548367,0.97274835061933,0.951681871717877,0.959356176995981
2005.66666666667,295998821,2806184,1.56962280972157e-38,0,0,0.166666666666439,0.666666666666667,0.166666666666894,0,0.635568887314758,0.780696824016455,1.2243737579345,1.19614793791263,1.49405834170612,1.20131431130098,1.13388724455651,1.01085373364848,1.14642583189581,1.35960934373151,1.30183636124474,1.34022720925445,1.21875306804458,1.13609182611683,1.13876614439828,1.0832198250689,1.0523827295099,0.967845469085126,0.944034953688721,0.948253302173883
2005.75,296233023,2814601,0.0208333333333334,0,0,0.0208333333333333,0.479166666666667,0.479166666666667,0,0.593560144218768,0.701300211767225,1.20305855332689,1.13638023492043,1.50181591731774,1.18449529887919,1.1316732067219,0.981302432034695,1.10154581362642,1.34528141386694,1.27676087557262,1.33595602959469,1.21731756299405,1.12451744630436,1.13009276991217,1.07696856162421,1.0530346426972,0.961834416787196,0.936698071004787,0.938588534760454
2005.83333333333,296467907,2822516,0.166666666666439,0,0,1.56273850898388e-38,0.166666666666894,0.666666666666667,6511,0.542719361740115,0.659898894511341,1.17432519611154,1.09500972661026,1.4894186234564,1.16493469819541,1.12242036879438,0.958109847566118,1.06993634725362,1.33056283735805,1.25685614011815,1.32748824087007,1.21227908517505,1.11423776219801,1.1205549973189,1.07132263737043,1.05156856239649,0.956306861989946,0.931171459458025,0.931765322658389
2005.91666666667,296703429,2829930,0.479166666666951,0.0208333333333902,0,0,0.0208333333332765,0.479166666666382,10299,0.512591796369323,0.659745912172423,1.145525516777,1.0735437545216,1.46080003046694,1.1456032773985,1.10994828245723,0.943899715805377,1.05390834299756,1.31974708702246,1.24468332996667,1.31818275755994,1.20570020241804,1.10721173535666,1.113400047755,1.06708924371837,1.04923249985038,0.952447636188758,0.928334185412344,0.928514806348015
2006,296939548,2836842,0.666666666666667,0.166666666666667,0,0,0,0.166666666666667,35003,0.525940194742245,0.673363538539467,1.1259813750487,1.06745606297191,1.43000304234311,1.130430022962,1.09827022682856,0.937905239218237,1.04832195168446,1.31416934696769,1.2392870910102,1.31167431938035,1.20057477518274,1.10360685480406,1.10947632495755,1.06380073103479,1.04631064187337,0.949814223803804,0.926580637517639,0.926878896616558
2006.08333333333,297176222,2843253,0.479166666666951,0.479166666666382,0.0208333333332765,0,0,0.0208333333333902,270339,0.552302777145738,0.675472534663744,1.11939674373846,1.07041613948124,1.40750192162602,1.12306134586159,1.0905575852752,0.938848287148562,1.0462610370998,1.31180289658652,1.23862803011194,1.30942552385002,1.19937562462312,1.1030407523908,1.10803142538794,1.0607519326506,1.042763302364,0.947982600005063,0.924075513395131,0.924495014071026
2006.16666666667,297413409,2849163,0.166666666666439,0.666666666666667,0.166666666666894,1.56789984301514e-38,0,0,709489,0.560387775971784,0.680318376774424,1.10503401882288,1.07491004164453,1.37938703145116,1.12505513679594,1.08642043074847,0.946795929578917,1.04115507428931,1.30013168514187,1.23984712723726,1.30393457447968,1.20156012205509,1.10472310382411,1.10430853381764,1.0575624548048,1.03821912798872,0.948230050044471,0.920549424269806,0.920071848295651
2006.25,297651068,2854571,0.0208333333333333,0.479166666666667,0.479166666666667,0.0208333333333333,0,0,319778,0.568807998343321,0.704401476330177,1.0616346450383,1.0742912700942,1.33026231233185,1.13675073546392,1.08447296307459,0.961439472112421,1.02792819254062,1.26777538700066,1.24039973713394,1.28785038873062,1.20595931212858,1.10785998361267,1.09409350750691,1.05409636663236,1.03247985906374,0.95182324465095,0.916247257213788,0.913021433027104
2006.33333333333,297889157,2859478,1.56617813763129e-38,0.166666666666894,0.666666666666667,0.166666666666439,0,0,246531,0.600959531587672,0.733717270534169,0.990297838978426,1.06656652755254,1.263169913653,1.15570179785004,1.0829071999897,0.979621962214347,1.00713752684322,1.21838590705782,1.23981834058277,1.26338913386721,1.21191438267395,1.11205101761921,1.07934730535644,1.05087081593855,1.02637127772797,0.958285086380415,0.911905089077608,0.904497909626708
2006.41666666667,298127634,2863883,0,0.0208333333332765,0.479166666666382,0.479166666666951,0.0208333333333902,0,79347,0.64946700911943,0.746634953025778,0.897712260190479,1.0509058172608,1.1857615370124,1.17876555901335,1.07980961370795,0.997474382816327,0.980748463609188,1.15937320783404,1.23815469987227,1.23515878960168,1.21889405731724,1.11699421954536,1.06357466167556,1.04856622019668,1.02097517657629,0.966702535746776,0.90838179415672,0.896090946361739
2006.5,298366457,2867787,0,0,0.166666666666667,0.666666666666667,0.166666666666667,0,69763,0.699262200855109,0.721523717439533,0.790566568255926,1.02647914246615,1.10568888403617,1.20279925400437,1.07326667644454,1.01112771684351,0.950726389260362,1.09814725187176,1.23546057729162,1.20776733565669,1.22636705968194,1.12238760309096,1.05028031077942,1.04786299688082,1.01737334820547,0.976162553260812,0.90653624674782,0.889390211502519
2006.58333333333,298605585,2871190,0,0,0.0208333333333902,0.479166666666951,0.479166666666383,0.0208333333332765,174011,0.735276876729107,0.636752757418005,0.675549422724108,0.992456506410824,1.03060365632286,1.22466011788187,1.0613648604139,1.01671294722778,0.919036690209379,1.04211800169238,1.23178773512948,1.18582275174465,1.233802113394,1.12792918195758,1.04296898697729,1.04944156346413,1.01664758521026,0.985752099436258,0.907227321146217,0.885985373316217
2006.66666666667,298844975,2874091,1.56962280972157e-38,0,0,0.166666666666439,0.666666666666667,0.166666666666894,283480,0.742442806669352,0.493981094997068,0.565445089542279,0.951770142871628,0.968829303750448,1.24186437521638,1.04393752791516,1.01251963708197,0.888561948764431,0.997984725344624,1.22723055794531,1.17230719805363,1.2404251528825,1.13318155139407,1.04354023472764,1.05356685998167,1.01932586466669,0.994567522742098,0.910837650921051,0.886861220378021
2006.75,299084586,2876491,0.0208333333333334,0,0,0.0208333333333333,0.479166666666667,0.479166666666667,324899,0.70569176060206,0.388027065926938,0.497420260296919,0.922401207792594,0.931376269325947,1.25456420862294,1.02780560160083,1.00547167025739,0.865853530828929,0.969603912992873,1.22205391938533,1.1636995566704,1.24449095578699,1.13716563283649,1.04747283907588,1.05884191671086,1.0237209015701,1.00174272346495,0.915844906731125,0.89058302248914
2006.83333333333,299324376,2878389,0.166666666666439,0,0,1.56273850898388e-38,0.166666666666894,0.666666666666667,470129,0.627368314551668,0.40373117387918,0.502186335881247,0.920796003630634,0.926122407193005,1.26372012803705,1.01982062014839,1.00312606702971,0.856424414815858,0.958894499154206,1.2174827215331,1.15651084328302,1.24519570941083,1.13941442711321,1.05030054180342,1.06390129178551,1.02810884863789,1.00684452850324,0.920680690229881,0.895406885094334
2006.91666666667,299564303,2879786,0.479166666666951,0.0208333333333902,0,0,0.0208333333332765,0.479166666666382,2017078,0.579468268908407,0.492863280821549,0.560251129014983,0.942212496816226,0.945728223041438,1.27088999459921,1.01996902601776,1.00693807264438,0.857965245643327,0.962867973729571,1.21841149114396,1.15388388611121,1.24647239648879,1.14205092642463,1.05419767104721,1.06916756451539,1.03283487155162,1.01113391936834,0.925497289953184,0.900771774985583
2007,299804326,2880682,0.666666666666667,0.166666666666667,0,0,0,0.166666666666667,2128959,0.618858121592159,0.577643129913776,0.635100306654824,0.974125170005159,0.976608681760924,1.2766697082182,1.02553072685946,1.01567188525159,0.865932185555278,0.976572920600502,1.22841732967278,1.15901386820834,1.25207505910316,1.14708611763993,1.06149852333926,1.07504908982379,1.03822241888656,1.01564797226078,0.930391470680046,0.906206905141788
2007.08333333333,300044403,2881076,0.479166666666951,0.479166666666382,0.0208333333332765,0,0,0.0208333333333902,6502317,0.672235936162026,0.60858624265591,0.683022892493694,0.997517535222081,0.999852416162743,1.27735234489584,1.03141534037792,1.02415069420044,0.8756021148744,0.992743307280605,1.24243229947014,1.16934728213333,1.26027443696607,1.15380242355239,1.06938682097343,1.08042333580623,1.04303483817567,1.01931852280987,0.934098978348556,0.910697398243392
2007.16666666667,300284492,2880969,0.166666666666439,0.666666666666667,0.166666666666894,1.56789984301514e-38,0,0,1199401,0.659983489315073,0.593628128778663,0.698590067410137,1.00470521828485,1.011860785839,1.26868917045846,1.03790523580285,1.02891770366933,0.885718275707065,1.00589530872545,1.25433077849121,1.18341983297139,1.26785515296447,1.16196055825212,1.07694666217432,1.08496266841906,1.04787962796002,1.02236810379734,0.9371969156622,0.914134052985419
2007.25,300524551,2880360,0.0208333333333333,0.479166666666667,0.479166666666667,0.0208333333333333,0,0,212609,0.60738584462721,0.554700578148776,0.687943282697287,0.990729480029315,1.01396522751319,1.24687325132263,1.04834008315498,1.02845175144936,0.896914353975607,1.01097680234751,1.25660008825257,1.20025636630737,1.27126694742726,1.17207391889128,1.08488909470356,1.08830866451884,1.05373463790332,1.02542731329296,0.941412392167883,0.916790034900563
2007.33333333333,300764538,2879250,1.56617813763129e-38,0.166666666666894,0.666666666666667,0.166666666666439,0,0,59948,0.5599984234838,0.516018054558022,0.660751665448082,0.947715607823092,1.0094635559974,1.20929536739206,1.07192574335224,1.02608859162639,0.913640549804196,1.0021442231096,1.23500217746788,1.21814347892703,1.26574300778116,1.18642884041507,1.09703241036147,1.0887236170314,1.06067600081445,1.02882086940809,0.950745492549816,0.919356831715412
2007.41666666667,301004412,2877639,0,0.0208333333332765,0.479166666666382,0.479166666666951,0.0208333333333902,0,8919,0.539554791658608,0.503435739645091,0.629108594356879,0.874061993429964,1.00243872919401,1.1563509762416,1.11447367645221,1.02539986969862,0.938719708909723,0.976313913722253,1.18029280011662,1.23440015466651,1.24812142020383,1.20597167406986,1.11558316451173,1.08477675121869,1.06821677636767,1.03260170753912,0.967879898391634,0.922493923121426
2007.5,301244131,2875526,0,0,0.166666666666667,0.666666666666667,0.166666666666667,0,70068,0.560860387575831,0.547089012508266,0.61127677877097,0.796175419746318,0.998147899297221,1.09925653268749,1.16235154813828,1.02604388052436,0.964648745163555,0.942233290375121,1.10992830411025,1.24321317436077,1.22287641880399,1.22451589850265,1.13319372272226,1.07764430562659,1.07451944855101,1.03604151218039,0.987960703723607,0.926314434475959
2007.58333333333,301483645,2872667,0,0,0.0208333333333902,0.479166666666951,0.479166666666383,0.0208333333332765,140614,0.634829995833062,0.655109515409873,0.619103692409229,0.740800894773638,0.999724256220519,1.04983163558773,1.19934043338396,1.02618366913597,0.982530894089584,0.909842631245466,1.04514826763625,1.23995375215328,1.19611297965869,1.23563864972524,1.14227438315372,1.06927956293862,1.07792765785392,1.03836605230779,1.00508023437117,0.930606808668027
2007.66666666667,301722881,2868818,1.56962280972157e-38,0,0,0.166666666666439,0.666666666666667,0.166666666666894,201016,0.753794656509321,0.743333745860392,0.632606535893605,0.708027935946132,1.00063094647809,1.01148746282519,1.21831883861379,1.02191463190207,0.988220609617142,0.882022589029192,0.995624596156392,1.22786303838662,1.17282289881834,1.23910456576847,1.14382136409554,1.06213696911154,1.07886024644261,1.03939868571811,1.01665833086117,0.934407113042018
2007.75,301961754,2863978,0.0208333333333334,0,0,0.0208333333333333,0.479166666666667,0.479166666666667,280974,0.839641085301467,0.735916124092693,0.630456680127652,0.691196577056508,0.994015583977183,0.984764252893728,1.21715128590955,1.01047479533486,0.980789161300772,0.859762119953889,0.965823776377795,1.21217574325208,1.15665596279206,1.2366548141405,1.14094365307846,1.05817508426081,1.07813167530938,1.03910109445645,1.02163650866663,0.936661723405176
2007.83333333333,302200183,2858147,0.166666666666439,0,0,1.56273850898388e-38,0.166666666666894,0.666666666666667,439175,0.82599197531459,0.682577906179143,0.617772450277453,0.68330440785166,0.981433695601827,0.967126907642074,1.20454892856001,0.995740355177151,0.96742386279666,0.843543019805856,0.950958292627861,1.19823088010794,1.14700709990729,1.23174917824189,1.13661539446812,1.05686776184957,1.07606367907417,1.03739066874154,1.02171546836337,0.936710624967822
2007.91666666667,302438085,2851326,0.479166666666951,0.0208333333333902,0,0,0.0208333333332765,0.479166666666382,766523,0.763858253400858,0.647215460995818,0.604444435145443,0.678251133621556,0.966683702753293,0.955392239606609,1.19016969807248,0.982527715473378,0.955903363894601,0.833575008859692,0.944818510794914,1.1903941126117,1.14235963686655,1.22766626454213,1.13330435856281,1.05707652224609,1.0729838739248,1.03436921932127,1.01912771154429,0.934355415172867
2008,302675377,2843514,0.666666666666667,0.166666666666667,0,0,0,0.166666666666667,1847817,0.716489703240754,0.624858772914247,0.59300532384235,0.673887365845724,0.954127691940187,0.946860040692748,1.17661200765517,0.972775944252528,0.948255614834457,0.829486665766462,0.944760325347145,1.18903340244664,1.14180535203565,1.22524135590182,1.13158766256157,1.0576982600842,1.06973612869708,1.03092053089061,1.01547375878191,0.930850530996583
2008.08333333333,302911976,2834711,0.479166666666951,0.479166666666382,0.0208333333332765,0,0,0.0208333333333902,3562099,0.678703301915608,0.597891547307883,0.583241360992853,0.668710899037476,0.946245752860064,0.93915751359546,1.1637468096143,0.967428683053617,0.944590603778451,0.830726166751218,0.948707240017721,1.19266314903703,1.14450653113789,1.22424035129126,1.13152813866857,1.0580284552105,1.06714341163551,1.02800112493606,1.01190967211167,0.92771636887951
2008.16666666667,303147801,2824918,0.166666666666439,0.666666666666667,0.166666666666894,1.56789984301514e-38,0,0,424966,0.631853880328281,0.566978758121256,0.571310912993117,0.659857353663614,0.93742632288718,0.930738524819784,1.1475947309725,0.966325203497316,0.943097170150769,0.836601219979367,0.953287667032679,1.19638120476146,1.14929903767355,1.22259493773608,1.13302213221472,1.05892155405683,1.06542883597751,1.02607649616898,1.00844566044584,0.926084323590501
2008.25,303382768,2814134,0.0208333333333333,0.479166666666667,0.479166666666667,0.0208333333333333,0,0,64354,0.571880491256631,0.534749197922075,0.553429551284338,0.643912009668461,0.918376118763806,0.920491054774929,1.12300495674219,0.97015107403904,0.941793997933929,0.846594773397431,0.953904881591509,1.19257205448904,1.15501959681776,1.21762398877056,1.13658216241165,1.06168676975608,1.06426701023995,1.02557987816628,1.00505625443746,0.927311685512907
2008.33333333333,303616796,2802360,1.56617813763129e-38,0.166666666666894,0.666666666666667,0.166666666666439,0,0,7280,0.500811816436153,0.493405665144884,0.529669545696584,0.61662095893715,0.873166627014875,0.908212875662825,1.08399122915058,0.984081420392284,0.939940298081807,0.861031202149904,0.942356702305688,1.16618326010691,1.16083480267888,1.20602933590627,1.14535193087077,1.06789341566181,1.06173837906222,1.02730648673917,1.00271912481969,0.934048329156874
2008.41666666667,303849801,2789595,0,0.0208333333332765,0.479166666666382,0.479166666666951,0.0208333333333902,0,5387,0.430450831634979,0.442110484054684,0.503659644511777,0.577363147149027,0.793432896382566,0.894447956552067,1.02833455383383,1.01147233951281,0.937128724486437,0.879264239219064,0.913311540080257,1.10759002830742,1.16573304040285,1.18599030293601,1.16106820827157,1.07821506189966,1.05635249316572,1.0317993854023,1.00258983758877,0.947988354161013
2008.5,304081701,2775839,0,0,0.166666666666667,0.666666666666667,0.166666666666667,0,5700,0.375178850076533,0.418290076389471,0.489397811443323,0.540888123248972,0.70769945476456,0.881815262190337,0.969720432887681,1.0439142560391,0.933045175822347,0.895923621728143,0.876525631615574,1.03631506804699,1.16765999035261,1.1622132248182,1.17720885915218,1.08948220545381,1.04992949148113,1.03823104624351,1.00553239970979,0.965710176535541
2008.58333333333,304312432,2761779,0,0,0.0208333333333902,0.479166666666951,0.479166666666383,0.0208333333332765,16497,0.349916240641122,0.453349692890107,0.4975508987435,0.521229168506517,0.646613602456824,0.872453804094263,0.922656527049868,1.07109951002251,0.927199017934907,0.905350680291594,0.84356077565921,0.975346180194248,1.16486655252144,1.14027754678794,1.18700362315687,1.09820936525715,1.04474906274919,1.0453996357786,1.01176907443931,0.982827179074153
2008.66666666667,304542008,2748102,1.56962280972157e-38,0,0,0.166666666666439,0.666666666666667,0.166666666666894,41433,0.369718136144025,0.516345802960572,0.515092097447254,0.514183890304014,0.61242425035046,0.864507785203285,0.889034635272737,1.08689377543036,0.918300240573975,0.90545711531057,0.81811319340672,0.932384031114354,1.15786721019526,1.1227281440583,1.19094864646403,1.10349022115879,1.04161850675204,1.05197668965435,1.019246709233,0.996208295307349
2008.75,304770460,2734807,0.0208333333333334,0,0,0.0208333333333333,0.479166666666667,0.479166666666667,122831,0.434963327745216,0.563163566337183,0.524529314167216,0.510802889251342,0.598257903843438,0.855474605709044,0.86663829738845,1.08796052404894,0.905418902742464,0.896044605473094,0.800777291453655,0.908740823001925,1.14779563396331,1.11037626582315,1.19067073890311,1.10498675239754,1.04028073411769,1.05642159823666,1.025193754895,1.00355894464615
2008.83333333333,304997820,2721894,0.166666666666439,0,0,1.56273850898388e-38,0.166666666666894,0.666666666666667,219431,0.487325240020943,0.559351685567672,0.514202979088238,0.5013844127522,0.589149835717227,0.844259263377029,0.84943387847993,1.07798108505081,0.889864716534333,0.880904372824386,0.787605795503434,0.895462035800372,1.13599866032026,1.10013322719104,1.18505295837753,1.10205497486292,1.03769348781121,1.05647180164934,1.02624049143938,1.00467493931076
2008.91666666667,305224119,2709363,0.479166666666951,0.0208333333333902,0,0,0.0208333333332765,0.479166666666382,781655,0.478244685428333,0.492098286878799,0.481654500966991,0.481471657098966,0.574043213315166,0.831628421519447,0.832832974187717,1.06294403699137,0.874411212107868,0.865364527769104,0.77550991945283,0.884001201303645,1.12409349798538,1.08901636648924,1.17370878470544,1.09462404507303,1.0312288483985,1.05079069526648,1.02032001518124,1.00037796348447
2009,305449391,2697215,0.666666666666667,0.166666666666667,0,0,0,0.166666666666667,2474053,0.4569373945573,0.425485648526016,0.455396679322529,0.468339967355952,0.565604014823619,0.824387808065559,0.821845277114181,1.05104909860181,0.86544753879369,0.856911190807775,0.769376510850269,0.877710780926853,1.11456567867591,1.07836704899853,1.16191713730534,1.08522164542224,1.02270141451502,1.04246744571749,1.01117485844287,0.993502796411247
2009.08333333333,305673666,2685449,0.479166666666951,0.479166666666382,0.0208333333332765,0,0,0.0208333333333902,7066868,0.482916859739386,0.42558450856006,0.46540324541451,0.4810625059886,0.579249799881124,0.82904236703922,0.822730704158211,1.0487653956953,0.869142493505835,0.861959892434778,0.77499764741716,0.881531736237984,1.10906358711748,1.07024634622517,1.15480902720979,1.07679972898511,1.01473253761127,1.03482054771733,1.00300467362803,0.986798034319933
2009.16666666667,305896976,2674066,0.166666666666439,0.666666666666667,0.166666666666894,1.56789984301514e-38,0,0,1918927,0.559112702188526,0.489525292347049,0.5165202667849,0.524171556347928,0.617681643133569,0.844854842255594,0.837151972480244,1.05342854226982,0.887167844355452,0.88048579306026,0.793810693944451,0.89486009982213,1.10501869709451,1.06527012764498,1.15125839233037,1.07140880569467,1.0087280623401,1.02766003707821,0.996028157470497,0.98065444632586
2009.25,306119354,2663065,0.0208333333333333,0.479166666666667,0.479166666666667,0.0208333333333333,0,0,1011406,0.673840120000857,0.597339252874549,0.604425881733915,0.595403935384412,0.67698052748128,0.867684647782014,0.864587000288354,1.05916120241916,0.919512285769766,0.909503520756052,0.825162885379613,0.913888861161805,1.09817950020733,1.06389703908148,1.14766297658472,1.07092377197428,1.0061678488902,1.02016062847402,0.990141282715673,0.975249512891553
2009.33333333333,306340831,2652446,1.56617813763129e-38,0.166666666666894,0.666666666666667,0.166666666666439,0,0,11933412,0.813540490074734,0.729601266446502,0.713254175421306,0.679855473650439,0.739463553914538,0.887020078937731,0.900371709751686,1.05636775244909,0.963929246282122,0.940625944365324,0.864395650266466,0.927543766341377,1.08177947025631,1.06740203377206,1.13677282103173,1.07741851334073,1.01004332638054,1.01246421091543,0.987930081813292,0.97226538697068
2009.41666666667,306561439,2642209,0,0.0208333333332765,0.479166666666382,0.479166666666951,0.0208333333333902,0,8953309,0.952401656067032,0.864996820222651,0.823228018380493,0.75993397940508,0.787065971560211,0.893387131477889,0.938252700748401,1.03786827895048,1.01569863635289,0.965086719856044,0.904768842599646,0.926022764813994,1.05148278760958,1.07636163038082,1.11403135226455,1.09178555292608,1.02240396442244,1.00551351123556,0.991982126201682,0.973536286812153
2009.5,306781210,2632355,0,0,0.166666666666667,0.666666666666667,0.166666666666667,0,4152937,1.03868741827503,0.974110221397652,0.910469475721743,0.819936158095703,0.813959503992389,0.887833721658464,0.96976128000842,1.00986399746506,1.06244156001108,0.978004410918155,0.935221824559576,0.911879862920652,1.0151914767319,1.08774230185093,1.08930324189036,1.10999297521037,1.04001982564796,1.00248743321991,1.00220108355799,0.980000019347102
2009.58333333333,307000155,2622153,0,0,0.0208333333333902,0.479166666666951,0.479166666666383,0.0208333333332765,6991902,1.09374157298094,1.03939146681026,0.958934230978923,0.85064190892517,0.820806017139319,0.874972876770362,0.988336972616354,0.981433367356869,1.09305487725788,0.977592402303852,0.947333113835442,0.891424021379832,0.982984932500963,1.09847337312133,1.07420246543015,1.12773858140779,1.05897528117193,1.00625328732729,1.01758528253199,0.991919591501408
2009.66666666667,307218205,2610870,1.56962280972157e-38,0,0,0.166666666666439,0.666666666666667,0.166666666666894,13928787,1.16012418492724,1.09885449157919,0.988013246587269,0.866875008772101,0.821991471804087,0.863156147728814,0.997267470149093,0.959782694361928,1.10919727831301,0.970558455241667,0.947558341883471,0.873627961532202,0.961414187406948,1.10894562281855,1.07291896909321,1.14456347829517,1.07789134299819,1.01619583377402,1.03619559942102,1.00775522149878
2009.75,307435270,2598509,0.0208333333333334,0,0,0.0208333333333333,0.479166666666667,0.479166666666667,36944741,1.26180262762332,1.18401317317305,1.01795038726929,0.884307495346135,0.830530096084322,0.85916552151861,1.00149309210494,0.949474400001317,1.11569875412164,0.964129415040954,0.944667990279987,0.865401533929318,0.953945560406064,1.11965394189754,1.08471287630799,1.1602378432189,1.09525781938659,1.02979915267727,1.0551690067247,1.02479066980671
2009.83333333333,307651260,2585067,0.166666666666439,0,0,1.56273850898388e-38,0.166666666666894,0.666666666666667,8876291,1.34837350975,1.24481722025778,1.0369658480232,0.897960572015813,0.840225092369624,0.859766205752029,1.00271650318382,0.946367522524378,1.11731266833184,0.959114086837102,0.941814827304257,0.86273934530751,0.955234878669241,1.12804821695772,1.09654904869353,1.17160483027069,1.10650306276674,1.04042715402169,1.06888431414046,1.03740665460145
2009.91666666667,307866085,2570546,0.479166666666951,0.0208333333333902,0,0,0.0208333333332765,0.479166666666382,1822129,1.36761600409436,1.22982684409838,1.03112462113559,0.900610365102977,0.842867598553617,0.860370262617138,1.00181494540989,0.94534795091214,1.11799260519564,0.955294240045263,0.940643476390638,0.860489716773218,0.958968564950097,1.13170558886017,1.09637411623649,1.17597452098845,1.10813434309993,1.04253161068003,1.07286389065018,1.04108712666118
2010,308079655,2554946,0.666666666666667,0.166666666666667,0,0,0,0.166666666666667,1119569,1.33441030474554,1.16360843523483,1.00989455780729,0.896703527098471,0.841411520253364,0.860993951965574,0.999601624912923,0.946112360323512,1.11856965869403,0.954761541370744,0.94238369489291,0.859831070713174,0.963765916092952,1.13175721987495,1.08835704420179,1.1754517299618,1.10403605632139,1.03903591721766,1.06996250519003,1.0386320094751
2010.08333333333,308291879,2538265,0.479166666666951,0.479166666666382,0.0208333333332765,0,0,0.0208333333333902,1564600,1.28041186112626,1.08972992901772,0.988594223964467,0.8936043420362,0.841601455017625,0.862804583065027,0.996873738848721,0.949560122461265,1.11909430024051,0.960185131839332,0.948161523643971,0.863524354832878,0.969479447466408,1.13022277762596,1.08072238167349,1.17333995504512,1.09993687986033,1.03498137362379,1.06486802668643,1.03467021971169
2010.16666666667,308502669,2520506,0.166666666666439,0.666666666666667,0.166666666666894,1.56789984301514e-38,0,0,1046618,1.23727612264944,1.05175926079403,0.982542185533232,0.898677093950442,0.849182000395932,0.866969465183746,0.994428484372828,0.956590609029431,1.1196170012486,0.974234152479609,0.959103003478609,0.874330516839872,0.975961674439499,1.12912192973637,1.08169467773584,1.17294269409208,1.10156549114596,1.03540927988742,1.06226832406475,1.03383067403866
2010.25,308711933,2501667,0.0208333333333333,0.479166666666667,0.479166666666667,0.0208333333333333,0,0,215499,1.22396736083902,1.075757965857,1.00181419127203,0.916458488726122,0.867232402451852,0.87367228802886,0.991543791352638,0.967375962113286,1.11825171432693,0.998510467353881,0.975005741551857,0.893718361708378,0.981651266059133,1.12826487981582,1.09667672270907,1.17581039472954,1.11319591695633,1.04425653987074,1.06513215435908,1.0394680267723
2010.33333333333,308919583,2481748,1.56617813763129e-38,0.166666666666894,0.666666666666667,0.166666666666439,0,0,54269,1.2086851355779,1.11776197920902,1.03551472125519,0.940174919658502,0.888170501317715,0.879162263070362,0.9814205204984,0.97917940533577,1.10536631686567,1.03034683268465,0.990353610319473,0.917988123498614,0.979331506095321,1.1186239754173,1.11978427185775,1.17648130367562,1.13328358146669,1.0610424729287,1.06955182703255,1.0498398828204
2010.41666666667,309125528,2460749,0,0.0208333333332765,0.479166666666382,0.479166666666951,0.0208333333333902,0,8556,1.16055438893302,1.1362840609759,1.07102481436962,0.962148969136373,0.904239214332564,0.880105220655892,0.958916172495948,0.98919621783931,1.07353314015605,1.06519222014612,0.99934201826278,0.942097509351759,0.963156709240713,1.09240199652163,1.14224742843275,1.16918922847696,1.15790234096651,1.08319640143394,1.0709997052887,1.0619317127
2010.5,309329678,2438671,0,0,0.166666666666667,0.666666666666667,0.166666666666667,0,10295,1.10316630335337,1.16976987200958,1.10980301339491,0.982398288495452,0.917643173584966,0.878767944883937,0.931591877110337,0.997258819303593,1.03188840634409,1.09522957103861,1.00032625266673,0.960802689633815,0.938420699177918,1.05556130890252,1.15504072266507,1.1539624209101,1.17941838278231,1.10420524431576,1.06934481485964,1.07273749876083
2010.58333333333,309531987,2417070,0,0,0.0208333333333902,0.479166666666951,0.479166666666383,0.0208333333332765,48711,1.07372862135943,1.25444861171618,1.15335740821042,1.00228196307351,0.931884446790442,0.878265386537833,0.908982886225309,1.00325817829381,0.992879468747461,1.11286765852705,0.993955169037718,0.969962761885625,0.913533157874882,1.01841451339027,1.15344128235832,1.13404123968025,1.19146318634989,1.11800708873611,1.06609524987265,1.07999276849686
2010.66666666667,309732580,2397500,1.56962280972157e-38,0,0,0.166666666666439,0.666666666666667,0.166666666666894,24795,1.09834090953979,1.34297444178881,1.19006827589339,1.01999679444505,0.945087688582683,0.879074229170588,0.894581651255093,1.00537205622893,0.963953635323363,1.11614157339346,0.984952086884309,0.970273821717489,0.896102789285747,0.991958526393627,1.14742588510246,1.11767228326107,1.1961233900014,1.12449101358154,1.06402582629037,1.08424072072358
2010.75,309931626,2379963,0.0208333333333334,0,0,0.0208333333333333,0.479166666666667,0.479166666666667,95570,1.15867003070447,1.38669667246013,1.20785207562865,1.02982544779292,0.951762797274895,0.879399163710353,0.885736198844933,1.00393642974684,0.945005655506966,1.10995658527963,0.975534203994673,0.964480286671552,0.88556966963748,0.976272447341196,1.14027254540221,1.10667467109782,1.19642312758948,1.12579852839832,1.06287970598516,1.086163981839
2010.83333333333,310129296,2364457,0.166666666666439,0,0,1.56273850898388e-38,0.166666666666894,0.666666666666667,137589,1.22423644910394,1.35710089754276,1.19954140676738,1.02736683823204,0.947985378228341,0.877661303574332,0.879267889845956,1.00033146027655,0.934399575435809,1.1005959014928,0.967128967266281,0.955877890508085,0.879635699628679,0.968587325268593,1.13298952696277,1.10069997254284,1.19499577912766,1.12429979570327,1.06187858045495,1.08647384041517
2010.91666666667,310325759,2350984,0.479166666666951,0.0208333333333902,0,0,0.0208333333332765,0.479166666666382,728603,1.26040773848325,1.28532300980056,1.17462741824997,1.01681668371453,0.938515628220422,0.874867373005078,0.874834061588027,0.997355096934628,0.931099345107738,1.09402664057743,0.961764540287219,0.94907262128376,0.877549686650391,0.966570163291219,1.12857134420373,1.09892053151147,1.19416642308176,1.12246392830611,1.06172981655645,1.08659622330983
2011,310521184,2339543,0.666666666666667,0.166666666666667,0,0,0,0.166666666666667,3490413,1.23904068218448,1.21204658857486,1.14679602139703,1.00493428415999,0.930146851888171,0.872627369913472,0.872715627191037,0.997250455766974,0.934140998689141,1.09484203311929,0.961576845452393,0.948238290892298,0.878974227350104,0.967792542825545,1.12955142149037,1.10021287451869,1.19533631846345,1.12215448534666,1.06302636964386,1.08757447696324
2011.08333333333,310715739,2330134,0.479166666666951,0.479166666666382,0.0208333333332765,0,0,0.0208333333333902,7397264,1.16210179251583,1.15649566039531,1.12985362740078,1.00013646449476,0.929120193868031,0.872378776052298,0.872851826450419,0.998623532842097,0.942249003160116,1.10245584661747,0.968532123684294,0.954509752264818,0.883680168708277,0.969008404414638,1.13463257224826,1.10274948391518,1.1965197480123,1.12271386098693,1.06441787370243,1.08820698785922
2011.16666666667,310909596,2322758,0.166666666666439,0.666666666666667,0.166666666666894,1.56789984301514e-38,0,0,1573860,1.04798764423181,1.12959245678264,1.13185053415728,1.00789149664159,0.938591657551618,0.874629182160896,0.874124229654554,0.99785621868155,0.953121310812798,1.11210896936322,0.983607748148672,0.966598564808803,0.891155588698589,0.966504264086292,1.13899370170846,1.1047814172636,1.19456072344855,1.12347702619147,1.0648629422323,1.0867758147995
2011.25,311102922,2317413,0.0208333333333333,0.479166666666667,0.479166666666667,0.0208333333333333,0,0,179652,0.950705333052343,1.13051158199122,1.13769208648101,1.02021591548462,0.949928841333782,0.876339131078179,0.871525402382674,0.986071101595043,0.960661382359742,1.10753023588818,1.00399530243632,0.976562072781555,0.899649238925016,0.95551458068127,1.127548693256,1.10557807713497,1.18500914868866,1.12627042411017,1.06649942816153,1.08174266581557
2011.33333333333,311295888,2314100,1.56617813763129e-38,0.166666666666894,0.666666666666667,0.166666666666439,0,0,36807,0.919207275309388,1.15332836364571,1.13006124867653,1.02679477388864,0.953084691255748,0.873983539143894,0.860334383152754,0.956030259344563,0.958969025629012,1.07463183780951,1.0252255612474,0.97645599465964,0.906957538734116,0.932757079030556,1.08821998129065,1.1046013254689,1.16482876589878,1.13268514933787,1.07141274344186,1.07231771478371
2011.41666666667,311488662,2312820,0,0.0208333333332765,0.479166666666382,0.479166666666951,0.0208333333333902,0,15863,0.946616649061329,1.1834686501774,1.10589641607718,1.02143893366108,0.944141948918202,0.865641864594611,0.840865106939017,0.912313029703066,0.946723928464831,1.01957144881134,1.03997185326735,0.964983760918686,0.910306904798059,0.901934605110269,1.03122922609262,1.10106451666635,1.13793277804466,1.1408794300645,1.07829929669306,1.06052534972953
2011.5,311681414,2313572,0,0,0.166666666666667,0.666666666666667,0.166666666666667,0,3560,1.01209932277939,1.20419592020514,1.06569984178371,0.998990708847759,0.92071580481601,0.849794701144686,0.814690232837896,0.862453065464335,0.9237507487212,0.953568113118014,1.0401931456727,0.942510730039604,0.906781253119477,0.868496285195433,0.972372894436237,1.09411887824515,1.10997175330299,1.14815327787546,1.08500824569903,1.04909351222074
2011.58333333333,311874271,2314805,0,0,0.0208333333333902,0.479166666666951,0.479166666666383,0.0208333333332765,20066,1.09482116494344,1.20639109699891,1.01403563003487,0.958864295308987,0.883910961023809,0.826468916578712,0.784308858525144,0.813987162694649,0.891650327470727,0.888061720504814,1.02169789598899,0.911284761373462,0.895111337320641,0.837677480833874,0.925422387449419,1.0838045343561,1.08604980975456,1.15233822818725,1.08971337766853,1.04031038849202
2011.66666666667,312067185,2314968,1.56962280972157e-38,0,0,0.166666666666439,0.666666666666667,0.166666666666894,4026,1.1758025263494,1.21140488238293,0.971715289650127,0.918761416161426,0.848790165940951,0.801876474969801,0.755925836018906,0.774464690612831,0.859128238672546,0.835375543028845,0.995692523106553,0.881083717763269,0.880615261493084,0.81385849470975,0.896048843761761,1.07371719568504,1.06908526513699,1.15339191172776,1.09188699749878,1.03470514346405
2011.75,312260069,2314062,0.0208333333333334,0,0,0.0208333333333333,0.479166666666667,0.479166666666667,9248,1.24181749833735,1.23395595469512,0.954847077711849,0.894845929962874,0.828752062058436,0.78219282361995,0.735034763910303,0.749348146523468,0.834766749020904,0.804450147417752,0.97466989757503,0.860911840725945,0.869030451235517,0.799887427011311,0.885437425091896,1.06744539211404,1.06052412141159,1.15208586550236,1.09166410862958,1.03212241099519
2011.83333333333,312452832,2312087,0.166666666666439,0,0,1.56273850898388e-38,0.166666666666894,0.666666666666667,14662,1.2748378999595,1.23176511977141,0.944478839690225,0.878842709696915,0.816580821838069,0.767262246409878,0.720578472686754,0.735739966851714,0.819550163200383,0.789811896705076,0.960870735158824,0.849148882922694,0.861184267675363,0.793338626765746,0.884929647966768,1.06499334375491,1.05810891774951,1.15032115631545,1.09053199098531,1.03142772200004
2011.91666666667,312645387,2309042,0.479166666666951,0.0208333333333902,0,0,0.0208333333332765,0.479166666666382,32695,1.26566114744281,1.17080505620181,0.92102934156777,0.860657756252627,0.803351722140061,0.756093650804244,0.710618400083072,0.729521713272187,0.812668262462211,0.78403063102032,0.95414639266657,0.842517676256012,0.856970242907249,0.791103503413638,0.885748521988619,1.06544957741515,1.0589553127783,1.14982527868071,1.0899289946258,1.03143911897892
2012,312837643,2304928,0.666666666666667,0.166666666666667,0,0,0,0.166666666666667,212689,1.24704380039675,1.10705380615844,0.897461442969608,0.847360567693707,0.793918927425849,0.750685602011428,0.706241180908951,0.730051509303413,0.813730696308489,0.786264302524006,0.955042945850379,0.841737858425953,0.857456657355844,0.792615459188554,0.888486674221899,1.06782415644488,1.06137490572336,1.15050190815168,1.08974547367075,1.03176379371293
2012.08333333333,313029512,2299744,0.479166666666951,0.479166666666382,0.0208333333332765,0,0,0.0208333333333902,1485494,1.25262154684469,1.09761631680676,0.89080004128613,0.847878616767517,0.795153134092654,0.753215742403501,0.708812889507053,0.736935918803728,0.82161066372222,0.796606909729566,0.963196555591913,0.848079933617496,0.863310060712915,0.797841685654366,0.895007214148988,1.07066073108456,1.06411533599316,1.15142847846408,1.0894353430896,1.0321366423497
2012.16666666667,313220904,2293491,0.166666666666439,0.666666666666667,0.166666666666894,1.56789984301514e-38,0,0,1879251,1.27758744511522,1.11409979184346,0.901774091378993,0.861407777822538,0.808212278710161,0.763588365288406,0.717792161298984,0.747298705161403,0.831815693374946,0.812308524546064,0.973909004363364,0.861021066173993,0.872415331419192,0.806342538909475,0.902885563462456,1.07071576259233,1.06647246312917,1.15020127504313,1.08825475719185,1.03201422922186
2012.25,313411731,2286168,0.0208333333333333,0.479166666666667,0.479166666666667,0.0208333333333333,0,0,656238,1.3069416786414,1.12156779962527,0.931515796658535,0.885097254519775,0.832592640017772,0.781180275484358,0.732603314450744,0.758266545315651,0.839402381461174,0.830142978139177,0.980740184108076,0.880200571589122,0.882220916555174,0.817961907747967,0.908085077797222,1.06414154275077,1.06823983482143,1.14438523004357,1.08662293104799,1.03169705335589
2012.33333333333,313601902,2277776,1.56617813763129e-38,0.166666666666894,0.666666666666667,0.166666666666439,0,0,169194,1.32335556102362,1.14440711067442,0.999066297286266,0.917641166200654,0.866856625290117,0.80553167293783,0.754440837047068,0.769460570902007,0.840989264601367,0.847823065338329,0.974616803087184,0.907699709826691,0.891211209030947,0.834084647229517,0.904408536363534,1.04646087442338,1.07065353122578,1.13290101084696,1.08980908343065,1.0351396843683
2012.41666666667,313791330,2268314,0,0.0208333333332765,0.479166666666382,0.479166666666951,0.0208333333333902,0,22972,1.31801465351641,1.21096695750831,1.11596152811055,0.95645245449976,0.90788214564586,0.835073641028509,0.783193536205933,0.780738880586164,0.834791444300401,0.863242786174872,0.949667612024277,0.943551422758331,0.898201907802101,0.855105024053302,0.888065746295897,1.0156752542865,1.07470238046875,1.11602722207037,1.10209336921293,1.04558404589953
2012.5,313979925,2257783,0,0,0.166666666666667,0.666666666666667,0.166666666666667,0,13243,1.31849037785114,1.30612321840711,1.24580766587122,0.992274434518699,0.946742999016808,0.863637401721599,0.811757325239982,0.790412986457114,0.823848341190871,0.874081997824358,0.91546271520996,0.977153435394321,0.902297990178689,0.87591398519857,0.867055202874224,0.980330443217532,1.07894367009235,1.09811848206154,1.11894968395446,1.05976740708525
2012.58333333333,314167643,2247825,0,0,0.0208333333333902,0.479166666666951,0.479166666666383,0.0208333333332765,21373,1.3614506208725,1.402364770671,1.34633210761691,1.01612582173991,0.974540452413582,0.885054939357061,0.832466283602783,0.796577682245956,0.811780389741767,0.878256768724135,0.883530667121984,0.997491628011556,0.902809618323606,0.890974644881345,0.850310096856185,0.950173597665963,1.08160765925611,1.08368479232346,1.13431605347109,1.07320407057513
2012.66666666667,314354624,2240084,1.56962280972157e-38,0,0,0.166666666666439,0.666666666666667,0.166666666666894,17464,1.45988420769813,1.46610584179507,1.39967688951145,1.02679655962567,0.988289762268872,0.897761149131354,0.842400049060631,0.798007474806567,0.799707760650388,0.87484215518289,0.857792469465958,1.00253971874246,0.899578415442014,0.898542105943551,0.838713712796983,0.929213192227151,1.08204803416599,1.07378167328184,1.14479328389357,1.08302112756013
2012.75,314541052,2234560,0.0208333333333334,0,0,0.0208333333333333,0.479166666666667,0.479166666666667,27600,1.53206371644549,1.4710377937352,1.40373491221097,1.02640264426097,0.98869075061575,0.902426289910094,0.841675197651855,0.794961581192496,0.788792414270445,0.864783268536518,0.840027286091308,0.994555898465869,0.893363003148708,0.898981750871658,0.831507982429594,0.919166621218607,1.08045638404193,1.06847302514985,1.14893107788849,1.08768584868427
2012.83333333333,314727112,2231252,0.166666666666439,0,0,1.56273850898388e-38,0.166666666666894,0.666666666666667,47252,1.49483040228872,1.42603517621318,1.3949878953073,1.02259305425421,0.985267512485185,0.90405916439773,0.837810500203815,0.792958346133786,0.782863733330466,0.855346452348407,0.831054482149247,0.983948411192693,0.888058535646856,0.897308092114897,0.829419332381565,0.918325639665541,1.07925248311324,1.06731074835197,1.15041194396928,1.08941343388
2012.91666666667,314912989,2230161,0.479166666666951,0.0208333333333902,0,0,0.0208333333332765,0.479166666666382,302100,1.35401647538354,1.35443364229907,1.40987593009358,1.02278463807579,0.987700897741517,0.907721867776701,0.838345552002165,0.797299451234458,0.785186009236067,0.85365146378118,0.830907936658478,0.980812790823662,0.887431223514258,0.898504867340009,0.832988951964492,0.923921022412096,1.08065886783328,1.06943494345742,1.15306665381083,1.09074254767999
2013,315098867,2231286,0.666666666666667,0.166666666666667,0,0,0,0.166666666666667,546273,1.14837964291166,1.30223007082192,1.44608377577164,1.02793274113129,0.997474502596121,0.914351121311753,0.843501051386259,0.80716079791508,0.794095745711977,0.859910482165193,0.837439382780155,0.985843677695112,0.891594970236239,0.902783585127515,0.840532586316232,0.93236526284388,1.08388093854118,1.0728505113909,1.15618622589466,1.09175778373777
2013.08333333333,315284932,2234628,0.479166666666951,0.479166666666382,0.0208333333332765,0,0,0.0208333333333902,545809,0.95938864487075,1.30205416627706,1.48843087797805,1.03703874258221,1.01264395648565,0.923470223407976,0.851364033937833,0.819678389055705,0.806354085273948,0.871836123434316,0.847874070388295,0.996514211715123,0.899570778051031,0.90887453016061,0.849573941243584,0.940007791448108,1.0870883616093,1.07551940239821,1.15784282691573,1.09202525490173
2013.16666666667,315471367,2240186,0.166666666666439,0.666666666666667,0.166666666666894,1.56789984301514e-38,0,0,251651,0.852062909039698,1.31040571022011,1.50903076015281,1.04774965968032,1.02575027539891,0.933074154944398,0.858805781154759,0.829954413551045,0.817348513279998,0.884050327774511,0.859113462068151,1.00681242465132,0.909660351304236,0.914355320618062,0.856694009396939,0.943764068566043,1.08732500365405,1.07636696364949,1.15577296960999,1.09149122167586
2013.25,315658358,2247961,0.0208333333333333,0.479166666666667,0.479166666666667,0.0208333333333333,0,0,168147,0.782913581478583,1.27290702880413,1.48636290117514,1.06344407316555,1.03141787257991,0.942157540813375,0.86438827548232,0.834736362238581,0.823625440195453,0.891132892151891,0.868937020473625,1.00993632276702,0.92111396904963,0.917370313792901,0.860396194316362,0.941107801474021,1.08109141132176,1.07504592234314,1.14779391470559,1.09082950058975
2013.33333333333,315846089,2257953,1.56617813763129e-38,0.166666666666894,0.666666666666667,0.166666666666439,0,0,99662,0.698470005897882,1.16780054955663,1.43707652392107,1.11178117966179,1.03811936376839,0.9552418995053,0.874652057254533,0.839386747732564,0.827740634094717,0.890585716426712,0.878959995844754,0.999408918471056,0.937695507086717,0.919483489950689,0.867816256270995,0.931179655341358,1.06384065113516,1.07315512886758,1.1323815688544,1.09324398461848
2013.41666666667,316034745,2270161,0,0.0208333333332765,0.479166666666382,0.479166666666951,0.0208333333333902,0,167404,0.613842598508122,0.998237890698702,1.38426716765511,1.21194279274979,1.05364411649262,0.975753337639,0.894858703178745,0.849048389119053,0.832426323724194,0.881400876131165,0.890127128131715,0.971714976845704,0.961671500884339,0.922195703377752,0.884751378781717,0.914410391877617,1.03347678840682,1.07224095936791,1.10979721493196,1.10125990490212
2013.5,316224510,2284585,0,0,0.166666666666667,0.666666666666667,0.166666666666667,0,147622,0.554761123203402,0.834387332022843,1.33864589327116,1.32492057786608,1.06920030293711,0.997209420738334,0.917175377554412,0.859370309595266,0.835111222915543,0.865609046612178,0.896865328539433,0.934861267558974,0.984805527829431,0.92333568147377,0.903012081637841,0.894724201080737,0.998755363762694,1.07169376982776,1.0867849948052,1.11215776878684
2013.58333333333,316415517,2299287,0,0,0.0208333333333902,0.479166666666951,0.479166666666383,0.0208333333332765,277413,0.520851661960676,0.744498917394211,1.30671409598728,1.40641813470743,1.07500853732748,1.01226807785314,0.932327275206,0.864900223579666,0.832888785127753,0.846281742089129,0.894103199624138,0.898751665416136,0.998391922833988,0.920665212929135,0.913370157326385,0.876546028996743,0.969675403749824,1.0706876061592,1.07028079430239,1.12236407684188
2013.66666666667,316607679,2312327,1.56962280972157e-38,0,0,0.166666666666439,0.666666666666667,0.166666666666894,385804,0.510554273517038,0.722133085744582,1.29051898679108,1.44917694795664,1.07392039736422,1.02005723319156,0.93836612542515,0.865274406244211,0.826814937232516,0.82761523247103,0.8852939380671,0.869356461236161,1.00235100894352,0.915350458476633,0.91642915282167,0.862810417606679,0.950358403344366,1.06968729415076,1.06150461615004,1.13013402630764
2013.75,316800858,2323704,0.0208333333333334,0,0,0.0208333333333333,0.479166666666667,0.479166666666667,522021,0.543668605492155,0.742448965107254,1.28786764916323,1.4573187698631,1.07065562805506,1.02166808116422,0.936183114846145,0.861946015376876,0.819240900647164,0.813500625249146,0.875363773009944,0.850075524350631,0.998972708627102,0.909116702489799,0.914896920153119,0.855105320513801,0.941944158900087,1.06931637603769,1.05958515802402,1.13461937863686
2013.83333333333,316994916,2333419,0.166666666666439,0,0,1.56273850898388e-38,0.166666666666894,0.666666666666667,1688040,0.635913081140186,0.781690044853595,1.28406084076644,1.4434485380178,1.06477568015503,1.01957490184408,0.930700725014075,0.858547178474572,0.81373660154544,0.8054836225184,0.86660646928968,0.837960622075014,0.991399353916744,0.902521351851278,0.910066777084882,0.851122741851271,0.939523203820124,1.06954247996358,1.06100178048701,1.13672945547447
2013.91666666667,317189715,2341471,0.479166666666951,0.0208333333333902,0,0,0.0208333333332765,0.479166666666382,9378619,0.765321637424171,0.820676551729506,1.26816496347531,1.42204400118427,1.05609784199598,1.01668412928716,0.927210415156393,0.858755556118927,0.813529438160339,0.804440424039197,0.860648736095707,0.829536395040472,0.982812204621053,0.896050965118389,0.903214505195175,0.848181777762847,0.937779486830092,1.07012787247697,1.06234311212909,1.13772164303941
2014,317385116,2347862,0.666666666666667,0.166666666666667,0,0,0,0.166666666666667,11554531,0.9000460202581,0.85745130057681,1.25681532182804,1.40659096753882,1.05062104647746,1.01624772783011,0.928448260328765,0.864251971521666,0.819257992199633,0.810914625612523,0.859081524328959,0.825567079135957,0.975695822104946,0.891076585039273,0.896960275593831,0.846005841893933,0.935819880878455,1.07066928783617,1.0632841907528,1.13848802566141
2014.08333333333,317580979,2352590,0.479166666666951,0.479166666666382,0.0208333333332765,0,0,0.0208333333333902,5174758,1.00639369791508,0.893503276909859,1.2656952458661,1.40633018287036,1.05428332470905,1.02073947277426,0.935596280218782,0.875265809545372,0.830233898014321,0.824624935246579,0.86311155275319,0.827509768928812,0.971878979027834,0.889046783190876,0.893694406937409,0.845054472777416,0.93374097804856,1.07057234861601,1.06392866030959,1.13925098473382
2014.16666666667,317777168,2355656,0.166666666666439,0.666666666666667,0.166666666666894,1.56789984301514e-38,0,0,1071519,1.05968649373134,0.924317202349056,1.27871803066219,1.41389025722487,1.06823968075288,1.02914986866665,0.946561108542024,0.888637939652235,0.843364505337635,0.842174395663521,0.871807190124162,0.835187404378824,0.970347006372755,0.891026070894001,0.893657794815383,0.846364777165656,0.930947376674704,1.06808169085297,1.06324790025659,1.13782501929356
2014.25,317973542,2357059,0.0208333333333333,0.479166666666667,0.479166666666667,0.0208333333333333,0,0,272671,1.0731479290104,0.934252888462822,1.27037983370012,1.41540741610681,1.09860770437216,1.0395049110849,0.9598759749617,0.901938604786858,0.856136173795888,0.858829440455682,0.881312793585605,0.847391908982808,0.965935679772193,0.898696601676499,0.896982890038176,0.851258451984154,0.925815878897568,1.05904393360222,1.06082917439731,1.13106876092147
2014.33333333333,318169965,2356801,1.56617813763129e-38,0.166666666666894,0.666666666666667,0.166666666666439,0,0,47250,1.07116176942003,0.916430553412741,1.22096336053523,1.39902714113518,1.15059164664917,1.04986163314179,0.974515555060093,0.913651527789428,0.86663754944476,0.87011504220282,0.887200027074592,0.861914872206579,0.953220615054568,0.912788938200891,0.902744548371004,0.860214856758364,0.916467314518585,1.03971095529848,1.05674429315675,1.11667040062465
2014.41666666667,318366296,2354880,0,0.0208333333332765,0.479166666666382,0.479166666666951,0.0208333333333902,0,11131,1.08485106001944,0.90927747534986,1.1354704463952,1.36342724567367,1.21917350530299,1.05850115544099,0.989678502806364,0.924232748569117,0.874107670914433,0.873185201727198,0.885298500733133,0.873210523710026,0.929404730088838,0.929466045245608,0.905329740345229,0.870194456753742,0.900910408257612,1.01020396026232,1.05204437294512,1.09601385710457
2014.5,318562398,2351296,0,0,0.166666666666667,0.666666666666667,0.166666666666667,0,9156,1.13836117174535,0.950304427661514,1.03248811612452,1.3135186453308,1.29454480049368,1.06407515730121,1.00403922426301,0.934012943261408,0.878076613773679,0.86692614730715,0.873404650304383,0.876199831466198,0.894722901025959,0.94378156101387,0.899904477855266,0.877682464075915,0.878886070850785,0.973380787788668,1.04785071293744,1.07232152071502
2014.58333333333,318758154,2346816,0,0,0.0208333333333902,0.479166666666951,0.479166666666383,0.0208333333332765,16645,1.22118749966281,1.02804910466012,0.960225023188347,1.2686123328773,1.35795739564234,1.06649346542577,1.01395115550672,0.940849015855883,0.878088208783082,0.855523988805452,0.856924267726228,0.871008076528573,0.858910535057922,0.950919415325657,0.889438823488036,0.880781972471409,0.85717606215116,0.939176491125955,1.04458603737371,1.05247394068382
2014.66666666667,318953531,2342205,1.56962280972157e-38,0,0,0.166666666666439,0.666666666666667,0.166666666666894,15808,1.31416294487967,1.11554771647325,0.955959766131625,1.24536144456045,1.39321233640019,1.06585012421776,1.01632600258338,0.942793626706033,0.874240665783516,0.843765068189013,0.842159086572692,0.859713882669679,0.831815509990385,0.94798708011104,0.878372657980696,0.878845054838312,0.842539958873504,0.916761649673121,1.04249353353603,1.04228770569684
2014.75,319148518,2337463,0.0208333333333334,0,0,0.0208333333333333,0.479166666666667,0.479166666666667,16033,1.3923604930038,1.17280361547388,0.983629095119418,1.23538761335971,1.40324705411055,1.06171790150413,1.01262952141427,0.941156233775611,0.868835955756464,0.833536774271653,0.831385250780349,0.847004931480022,0.814235055045926,0.939655904142895,0.869221083992159,0.874601819051693,0.834607756061584,0.905171733470617,1.04179681580755,1.03966540338799
2014.83333333333,319343104,2332590,0.166666666666439,0,0,1.56273850898388e-38,0.166666666666894,0.666666666666667,22232,1.40781346781529,1.1689550643369,0.99906122979679,1.22651607454607,1.39594860914375,1.05394244691954,1.00543914880432,0.937927037510795,0.864356882725086,0.825982555029857,0.825503280947622,0.837261454134124,0.804509256540596,0.931463316905024,0.863341795525385,0.870947181964069,0.831175320030453,0.900907389219617,1.04253934162585,1.0408685335475
2014.91666666667,319537279,2327586,0.479166666666951,0.0208333333333902,0,0,0.0208333333332765,0.479166666666382,35786,1.32883078078084,1.12271282450799,0.998992116106501,1.2164179758652,1.37986619221437,1.04398221390463,0.997224995211738,0.934562410673018,0.861805821746235,0.822169048266474,0.823936793986881,0.831024822346571,0.800200277799775,0.924847193887765,0.859387630059187,0.868057261364654,0.829831583879567,0.900465079666219,1.04406351354962,1.04350824566264
2015,319731032,2322450,0.666666666666667,0.166666666666667,0,0,0,0.166666666666667,22173,1.21186335610976,1.06477408592506,0.990747579253833,1.20593538444817,1.36309321617988,1.03403095983745,0.990050713443107,0.932152161610661,0.86165148314161,0.822940646335735,0.825893158652439,0.828143521590394,0.799097668940634,0.920066345291559,0.856019573909144,0.865535793000253,0.82859115039695,0.900767189525784,1.04560986965565,1.04577291793053
2015.08333333333,319924351,2317184,0.479166666666951,0.479166666666382,0.0208333333332765,0,0,0.0208333333333902,31202,1.11998904568045,1.02420925360726,0.983105235195027,1.19874813247768,1.35123785208413,1.02761085401987,0.984461452028089,0.930853668697346,0.863708347254306,0.828329569965863,0.831191654752729,0.8295333518226,0.800678450235977,0.916762874138334,0.854636065257052,0.8634157835062,0.827378234341419,0.900443975350365,1.04671254497538,1.04681019369846
2015.16666666667,320117225,2311786,0.166666666666439,0.666666666666667,0.166666666666894,1.56789984301514e-38,0,0,13099,1.05465139946245,1.01396494031516,0.980560943668697,1.19463796387622,1.34517493872101,1.02836738628751,0.979989215191293,0.930064727017783,0.867112729999843,0.837190257017118,0.83881143503825,0.835098355137401,0.804350427513652,0.913335304313014,0.856392842328916,0.861442598356594,0.826362546492113,0.89793605510581,1.04547518594004,1.04580990446207
2015.25,320309645,2306258,0.0208333333333333,0.479166666666667,0.479166666666667,0.0208333333333333,0,0,20436,0.995172305448461,0.984119374663396,0.969031748796205,1.1749565044691,1.32933122768995,1.03911091667629,0.973631934210613,0.927077228473463,0.868942519556252,0.844478185491479,0.843759232964632,0.839628227682242,0.80755707865796,0.903824550328262,0.858737391655654,0.857781767491246,0.824786169738203,0.889217620578625,1.03398588762856,1.0411713691639
2015.33333333333,320501598,2300598,1.56617813763129e-38,0.166666666666894,0.666666666666667,0.166666666666439,0,0,5328,0.894021305524741,0.89202132615841,0.936602191255943,1.12255070910753,1.28882900647314,1.06179185646144,0.963262480024591,0.920115755927483,0.866915418389023,0.845488973196617,0.841331815304992,0.837972836107276,0.807977561279464,0.882969585269459,0.859286194107393,0.850829397320278,0.822159238538828,0.871214451247332,1.00545143170462,1.03204747451673
2015.41666666667,320693074,2294807,0,0.0208333333332765,0.479166666666382,0.479166666666951,0.0208333333333902,0,3860,0.723571249237967,0.786970112003612,0.898605613564547,1.04467896683013,1.22802079327326,1.09575595168137,0.95278755516686,0.913241559271963,0.86336681384278,0.840777757001551,0.831958501379,0.830337075006348,0.806198079829061,0.852659225883938,0.860039959602165,0.841483735670777,0.819991721524265,0.847125103536655,0.963568897514835,1.02139589086646
2015.5,320884062,2288885,0,0,0.166666666666667,0.666666666666667,0.166666666666667,0,5820,0.551393998570984,0.727146280458229,0.873394211609035,0.957068596102588,1.15826342879546,1.13759865217448,0.946220476795946,0.910362804409035,0.860709580762765,0.832151542890161,0.817672735198317,0.818490166705167,0.803229830369214,0.817551478970937,0.862919495728738,0.831381217895802,0.819750464163423,0.821972517043797,0.916199466226262,1.01268325796999
2015.58333333333,321074551,2282832,0,0,0.0208333333333902,0.479166666666951,0.479166666666383,0.0208333333332765,11157,0.426611551989514,0.714304756087535,0.864146792840624,0.884911198755539,1.09970081291332,1.17551888828303,0.941967188954035,0.908938654237341,0.857048859109119,0.821165294232741,0.80179190697541,0.805103616496537,0.798876928563704,0.786231267815401,0.865141771711371,0.822608888016953,0.820729985104143,0.80180438706164,0.877370428520984,1.00760730957334
2015.66666666667,321264531,2276648,1.56962280972157e-38,0,0,0.166666666666439,0.666666666666667,0.166666666666894,8246,0.387079343566501,0.73545203275395,0.868525829038851,0.848236123372711,1.06868466470546,1.19850859636963,0.937445260456694,0.905719308527683,0.850346189484147,0.809340956171514,0.787510578630952,0.792716226034063,0.793083898250855,0.766106406657808,0.864178708879285,0.817027174992781,0.822109787388241,0.791358540564917,0.858698661430053,1.00694830858928
2015.75,321453989,2270333,0.0208333333333334,0,0,0.0208333333333333,0.479166666666667,0.479166666666667,29932,0.460257633594993,0.775026505079901,0.877301837691366,0.83695942214531,1.0576109208735,1.20712825638526,0.9317261323237,0.901068117539554,0.842296449947206,0.798320443557254,0.776248052722655,0.782433699452351,0.787563976369862,0.755949357065186,0.863225875347689,0.815139438857339,0.82478163845095,0.789108575546729,0.855993277842713,1.00958554059846
2015.83333333333,321642916,2263887,0.166666666666439,0,0,1.56273850898388e-38,0.166666666666894,0.666666666666667,77992,0.632025987180564,0.822662232236561,0.882398836248673,0.835332898151601,1.0545345251946,1.20471887321504,0.924427334168123,0.895962652503144,0.834969781794738,0.78934713776179,0.768502079752031,0.77465316275112,0.784008431591597,0.752468900038004,0.865819422534648,0.816710196003568,0.829555001388851,0.791983845644055,0.861717124855197,1.01386382161327
2015.91666666667,321831300,2257310,0.479166666666951,0.0208333333333902,0,0,0.0208333333332765,0.479166666666382,346983,0.875091188737742,0.891344030799676,0.887246796294743,0.835064654479717,1.05410223218389,1.19417500784543,0.91569687777892,0.890224218048114,0.82820404182679,0.781950316554731,0.762859461385953,0.768370526932822,0.782251946424258,0.752754447023161,0.8711341882876,0.819905657196218,0.835197857549288,0.797000956072171,0.870755750570835,1.0178910667071
2016,322019130,2250601,0.666666666666667,0.166666666666667,0,0,0,0.166666666666667,1079765,1.15104959482212,0.99238031648441,0.896473612625178,0.831569138030707,1.05343822093215,1.17856162477444,0.906321360077884,0.88370681189357,0.821678650791467,0.775646149924422,0.757996337353234,0.762655737128245,0.781715783723863,0.754329512562625,0.877398244698181,0.822842088704216,0.840087114202529,0.801519745402363,0.879016703687931,1.01989416879801
2016.08333333333,322206397,2243762,0.479166666666951,0.479166666666382,0.0208333333332765,0,0,0.0208333333333902,6056943,1.41233386377751,1.10702314428622,0.907992918755869,0.827629870955711,1.0529845581013,1.16207174641895,0.899111236325937,0.87755147070641,0.816671569713758,0.771612480324506,0.754857148457389,0.758276089969329,0.782024113898313,0.756073393137598,0.883413914416595,0.825034284449317,0.843076864070992,0.804185734064333,0.884072834300183,1.01881283313036
2016.16666666667,322393087,2236791,0.166666666666439,0.666666666666667,0.166666666666894,1.56789984301514e-38,0,0,5818348,1.58583228851026,1.20453050584666,0.919211584667264,0.828435474486212,1.05324194437791,1.14869993630524,0.898988113486593,0.873896745949179,0.815614439495022,0.772334243620746,0.75567317761369,0.75703152122187,0.783209556040481,0.75788412273163,0.887689080207412,0.826942291309578,0.843680480350317,0.804759195956981,0.884178545884299,1.01357580365346
2016.25,322579191,2229690,0.0208333333333333,0.479166666666667,0.479166666666667,0.0208333333333333,0,0,1478591,1.61707805535126,1.23624050008669,0.93222368747149,0.841425890922915,1.05162772897519,1.14051886448131,0.917294346985035,0.877584209316712,0.823955080258961,0.783863076853324,0.765554775102684,0.763155171680409,0.786735616428102,0.762378903396497,0.88697961473529,0.831408640336351,0.843571272681757,0.806173737001673,0.87864915406245,1.00235516681958
2016.33333333333,322764698,2222457,1.56617813763129e-38,0.166666666666894,0.666666666666667,0.166666666666439,0,0,222397,1.55172829007225,1.18042751473192,0.947678954242305,0.870126283810483,1.04358871077749,1.13744239595024,0.962793039977712,0.891847041400845,0.845141789546451,0.809643168371128,0.787202316957286,0.778727626858927,0.793244464130073,0.771558966440706,0.877425504399165,0.840599284809782,0.84410330585318,0.811111364922998,0.867227944246845,0.983370366957119
2016.41666666667,322949597,2215093,0,0.0208333333332765,0.479166666666382,0.479166666666951,0.0208333333333902,0,26579,1.45441100134455,1.14103098523363,0.955762504748741,0.900151380606882,1.01977283882092,1.13267106903952,1.02750953810133,0.910781838161597,0.871608595353874,0.839122210589915,0.810797214859428,0.794786046127449,0.798662032194347,0.782242492130918,0.854455200620992,0.85159138275122,0.843193728792399,0.818074362637086,0.850309168860462,0.955786937400065
2016.5,323133877,2207598,0,0,0.166666666666667,0.666666666666667,0.166666666666667,0,5852,1.36551379026512,1.21113681445554,0.947529991986994,0.916086220422408,0.975122878819448,1.11999955231456,1.09765598617545,0.926870477572568,0.893868691858936,0.860143635454587,0.825504334062547,0.801990573280343,0.799041723781318,0.790522744098518,0.81744477610499,0.860731634945446,0.838952188233031,0.824758792072901,0.829742926282796,0.921313988202702
2016.58333333333,323317844,2207598,0,0,0.0208333333333902,0.479166666666951,0.479166666666383,0.0208333333332765,20891,1.31936415599109,1.31475172705991,0.927983809182619,0.916307525126249,0.926559713001611,1.10231236196328,1.15292948340118,0.935272550333331,0.905766207563728,0.86813032902062,0.828941318506089,0.800536715987638,0.795663058533595,0.794776370497279,0.782272323615984,0.866533708511929,0.833695237990665,0.829815556033369,0.812551731675103,0.890888847241658
2016.66666666667,323501810,2207598,1.56962280972157e-38,0,0,0.166666666666439,0.666666666666667,0.166666666666894,18687,1.33425976965416,1.35811338687928,0.904665079024834,0.903703159086497,0.891816269480118,1.08417616885464,1.17722353618261,0.933473799620029,0.904277023985042,0.862350785478919,0.822129010834703,0.793422815975752,0.790975136848225,0.79468757470259,0.764132640183287,0.868664808256493,0.830236998765519,0.832587572320689,0.804927594429678,0.874576241024545
2016.75,323685777,2207598,0.0208333333333334,0,0,0.0208333333333333,0.479166666666667,0.479166666666667,33397,1.36437899021325,1.34546239255179,0.881323101859065,0.885413873949548,0.869895543400597,1.06779641497221,1.17773232539358,0.925586865809262,0.895573100401301,0.849876477485881,0.811248269857405,0.785323187343484,0.786879265667615,0.792887396464352,0.758985319828917,0.869239323404242,0.82917495171676,0.834230977864186,0.804568084072066,0.869722272749463
2016.83333333333,323869743,2207598,0.166666666666439,0,0,1.56273850898388e-38,0.166666666666894,0.666666666666667,25743,1.36363721890315,1.30501764412281,0.861418933481486,0.868910447111213,0.856199005804384,1.05453976374128,1.16673410185986,0.917054488814092,0.887204968700044,0.838812028811888,0.802857953579277,0.78060516693109,0.784913158486412,0.792225102100063,0.759295151410586,0.870497111196022,0.83042574291634,0.836097753021883,0.807573688956273,0.871027520727874
2016.91666666667,324053710,2207598,0.479166666666951,0.0208333333333902,0,0,0.0208333333332765,0.479166666666382,89857,1.34901733818996,1.2629083123716,0.851052473879279,0.858730871710877,0.850451964348999,1.04477899327334,1.15354272169678,0.912012909496466,0.88304137344728,0.833591689229737,0.79986890063951,0.78073221018733,0.785707948472595,0.793476027824162,0.762782906170966,0.87273271651316,0.833399317635891,0.838510032734835,0.812151012632099,0.875329087066285
2017,324237676,2207598,0.666666666666667,0.166666666666667,0,0,0,0.166666666666667,174836,1.34969104764491,1.2393533490566,0.855868495675793,0.857287189013231,0.852457326349228,1.03846684414052,1.14485407554577,0.912985909408692,0.884968698082542,0.836636084465542,0.803518117173214,0.785971003313239,0.789328842447684,0.796582402960247,0.768418667092067,0.875633300719462,0.837273807842288,0.8413392927186,0.816935274405595,0.880160091896127
2017.08333333333,324421643,2207598,0.479166666666951,0.479166666666382,0.0208333333332765,0,0,0.0208333333333902,396748,1.38051783398899,1.23302055902235,0.877052417831303,0.861420417022632,0.858004561128616,1.03486979205597,1.13985658683047,0.917353931905431,0.890625668852642,0.84598171804666,0.811995298660367,0.794705036912184,0.794483922176541,0.800227959374108,0.774913781739117,0.878401803472191,0.840806793090447,0.843684217207898,0.820170041422882,0.88370120366592
2017.16666666667,324605609,2207598,0.166666666666439,0.666666666666667,0.166666666666894,1.56789984301514e-38,0,0,160713,1.44298189015898,1.23498529133003,0.910081698068717,0.86641784551095,0.862509878594421,1.0327324647701,1.13569304316141,0.921257627264062,0.896542971976915,0.858393144507796,0.822480506004907,0.804724735636557,0.799664256806433,0.802978137961885,0.780984315931676,0.880363664332175,0.843057005541293,0.844684380071644,0.820490357661469,0.884689510350746
2017.25,324789576,2207598,0.0208333333333333,0.479166666666667,0.479166666666667,0.0208333333333333,0,0,43361,1.4993784467319,1.22750421877951,0.932061302782663,0.866922874565609,0.863909888969701,1.02939836303381,1.12883115610612,0.921021811641883,0.899066790747675,0.869931244594366,0.831162572448437,0.813331455922686,0.803849990066528,0.804183713197435,0.785623943920796,0.881818544181267,0.84470834019237,0.844415705197789,0.81848882658853,0.883440229718018
2017.33333333333,324973542,2207598,1.56617813763129e-38,0.166666666666894,0.666666666666667,0.166666666666439,0,0,26866,1.51256656915727,1.19491167654742,0.922088931160779,0.858788361699297,0.861129406636315,1.02267329219705,1.11665867518598,0.914139621655533,0.895473582233355,0.877229480376829,0.83485485840325,0.818268686888768,0.806346668575605,0.803556395764302,0.788098788710017,0.883189711523021,0.846657350103546,0.843254833924533,0.815214342271219,0.880722837142377
2017.41666666667,325157509,2207598,0,0.0208333333332765,0.479166666666382,0.479166666666951,0.0208333333333902,0,29813,1.48684962459623,1.13867132555874,0.885605704812484,0.843348883795898,0.85452566228489,1.01361340300704,1.1009185777849,0.902593309868153,0.886945401519593,0.879915312990382,0.833860060605013,0.819537516576462,0.807272375918784,0.801466307601061,0.78848715986924,0.884420644023276,0.849026057743664,0.841844927369814,0.811583401685703,0.877545708632508
